order,file_path,thumbnail,page,width,height,set_key
0,https://invisibleaus.s3.amazonaws.com/ST84-1/1906-331-340-%5B11098383%5D/11098383-p1.jpg,https://invisibleaus.s3.amazonaws.com/ST84-1/1906-331-340-%5B11098383%5D/thumbs/11098383-p1-200.jpg,1,864,1376,11098383
1,https://invisibleaus.s3.amazonaws.com/ST84-1/1906-331-340-%5B11098383%5D/11098383-p2.jpg,https://invisibleaus.s3.amazonaws.com/ST84-1/1906-331-340-%5B11098383%5D/thumbs/11098383-p2-200.jpg,2,1120,1576,11098383
2,https://invisibleaus.s3.amazonaws.com/ST84-1/1906-331-340-%5B11098383%5D/11098383-p3.jpg,https://invisibleaus.s3.amazonaws.com/ST84-1/1906-331-340-%5B11098383%5D/thumbs/11098383-p3-200.jpg,3,880,1384,11098383
3,https://invisibleaus.s3.amazonaws.com/ST84-1/1906-331-340-%5B11098383%5D/11098383-p4.jpg,https://invisibleaus.s3.amazonaws.com/ST84-1/1906-331-340-%5B11098383%5D/thumbs/11098383-p4-200.jpg,4,1120,1584,11098383
4,https://invisibleaus.s3.amazonaws.com/ST84-1/1906-331-340-%5B11098383%5D/11098383-p5.jpg,https://invisibleaus.s3.amazonaws.com/ST84-1/1906-331-340-%5B11098383%5D/thumbs/11098383-p5-200.jpg,5,864,1376,11098383
5,https://invisibleaus.s3.amazonaws.com/ST84-1/1906-331-340-%5B11098383%5D/11098383-p6.jpg,https://invisibleaus.s3.amazonaws.com/ST84-1/1906-331-340-%5B11098383%5D/thumbs/11098383-p6-200.jpg,6,1120,1576,11098383
6,https://invisibleaus.s3.amazonaws.com/ST84-1/1906-331-340-%5B11098383%5D/11098383-p7.jpg,https://invisibleaus.s3.amazonaws.com/ST84-1/1906-331-340-%5B11098383%5D/thumbs/11098383-p7-200.jpg,7,880,1376,11098383
7,https://invisibleaus.s3.amazonaws.com/ST84-1/1906-331-340-%5B11098383%5D/11098383-p8.jpg,https://invisibleaus.s3.amazonaws.com/ST84-1/1906-331-340-%5B11098383%5D/thumbs/11098383-p8-200.jpg,8,1120,1576,11098383
8,https://invisibleaus.s3.amazonaws.com/ST84-1/1906-331-340-%5B11098383%5D/11098383-p9.jpg,https://invisibleaus.s3.amazonaws.com/ST84-1/1906-331-340-%5B11098383%5D/thumbs/11098383-p9-200.jpg,9,880,1376,11098383
9,https://invisibleaus.s3.amazonaws.com/ST84-1/1906-331-340-%5B11098383%5D/11098383-p10.jpg,https://invisibleaus.s3.amazonaws.com/ST84-1/1906-331-340-%5B11098383%5D/thumbs/11098383-p10-200.jpg,10,1120,1576,11098383
10,https://invisibleaus.s3.amazonaws.com/ST84-1/1906-331-340-%5B11098383%5D/11098383-p11.jpg,https://invisibleaus.s3.amazonaws.com/ST84-1/1906-331-340-%5B11098383%5D/thumbs/11098383-p11-200.jpg,11,880,1376,11098383
11,https://invisibleaus.s3.amazonaws.com/ST84-1/1906-331-340-%5B11098383%5D/11098383-p12.jpg,https://invisibleaus.s3.amazonaws.com/ST84-1/1906-331-340-%5B11098383%5D/thumbs/11098383-p12-200.jpg,12,1120,1584,11098383
12,https://invisibleaus.s3.amazonaws.com/ST84-1/1906-331-340-%5B11098383%5D/11098383-p13.jpg,https://invisibleaus.s3.amazonaws.com/ST84-1/1906-331-340-%5B11098383%5D/thumbs/11098383-p13-200.jpg,13,864,1376,11098383
13,https://invisibleaus.s3.amazonaws.com/ST84-1/1906-331-340-%5B11098383%5D/11098383-p14.jpg,https://invisibleaus.s3.amazonaws.com/ST84-1/1906-331-340-%5B11098383%5D/thumbs/11098383-p14-200.jpg,14,1120,1576,11098383
14,https://invisibleaus.s3.amazonaws.com/ST84-1/1906-331-340-%5B11098383%5D/11098383-p15.jpg,https://invisibleaus.s3.amazonaws.com/ST84-1/1906-331-340-%5B11098383%5D/thumbs/11098383-p15-200.jpg,15,624,1048,11098383
15,https://invisibleaus.s3.amazonaws.com/ST84-1/1906-331-340-%5B11098383%5D/11098383-p16.jpg,https://invisibleaus.s3.amazonaws.com/ST84-1/1906-331-340-%5B11098383%5D/thumbs/11098383-p16-200.jpg,16,880,1368,11098383
16,https://invisibleaus.s3.amazonaws.com/ST84-1/1906-331-340-%5B11098383%5D/11098383-p17.jpg,https://invisibleaus.s3.amazonaws.com/ST84-1/1906-331-340-%5B11098383%5D/thumbs/11098383-p17-200.jpg,17,1120,1576,11098383
17,https://invisibleaus.s3.amazonaws.com/ST84-1/1906-331-340-%5B11098383%5D/11098383-p18.jpg,https://invisibleaus.s3.amazonaws.com/ST84-1/1906-331-340-%5B11098383%5D/thumbs/11098383-p18-200.jpg,18,880,1376,11098383
18,https://invisibleaus.s3.amazonaws.com/ST84-1/1906-331-340-%5B11098383%5D/11098383-p19.jpg,https://invisibleaus.s3.amazonaws.com/ST84-1/1906-331-340-%5B11098383%5D/thumbs/11098383-p19-200.jpg,19,1120,1584,11098383
19,https://invisibleaus.s3.amazonaws.com/ST84-1/1906-331-340-%5B11098383%5D/11098383-p20.jpg,https://invisibleaus.s3.amazonaws.com/ST84-1/1906-331-340-%5B11098383%5D/thumbs/11098383-p20-200.jpg,20,864,1376,11098383
20,https://invisibleaus.s3.amazonaws.com/ST84-1/1906-331-340-%5B11098383%5D/11098383-p21.jpg,https://invisibleaus.s3.amazonaws.com/ST84-1/1906-331-340-%5B11098383%5D/thumbs/11098383-p21-200.jpg,21,1120,1576,11098383
21,https://invisibleaus.s3.amazonaws.com/ST84-1/1906-331-340-%5B11098383%5D/11098383-p22.jpg,https://invisibleaus.s3.amazonaws.com/ST84-1/1906-331-340-%5B11098383%5D/thumbs/11098383-p22-200.jpg,22,880,1376,11098383
22,https://invisibleaus.s3.amazonaws.com/ST84-1/1906-331-340-%5B11098383%5D/11098383-p23.jpg,https://invisibleaus.s3.amazonaws.com/ST84-1/1906-331-340-%5B11098383%5D/thumbs/11098383-p23-200.jpg,23,1120,1576,11098383
23,https://invisibleaus.s3.amazonaws.com/ST84-1/1906-331-340-%5B11098383%5D/11098383-p24.jpg,https://invisibleaus.s3.amazonaws.com/ST84-1/1906-331-340-%5B11098383%5D/thumbs/11098383-p24-200.jpg,24,880,1376,11098383
24,https://invisibleaus.s3.amazonaws.com/ST84-1/1906-331-340-%5B11098383%5D/11098383-p25.jpg,https://invisibleaus.s3.amazonaws.com/ST84-1/1906-331-340-%5B11098383%5D/thumbs/11098383-p25-200.jpg,25,1120,1576,11098383
25,https://invisibleaus.s3.amazonaws.com/ST84-1/1906-331-340-%5B11098383%5D/11098383-p26.jpg,https://invisibleaus.s3.amazonaws.com/ST84-1/1906-331-340-%5B11098383%5D/thumbs/11098383-p26-200.jpg,26,864,1376,11098383
26,https://invisibleaus.s3.amazonaws.com/ST84-1/1906-331-340-%5B11098383%5D/11098383-p27.jpg,https://invisibleaus.s3.amazonaws.com/ST84-1/1906-331-340-%5B11098383%5D/thumbs/11098383-p27-200.jpg,27,1120,1576,11098383
27,https://invisibleaus.s3.amazonaws.com/ST84-1/1906-331-340-%5B11098383%5D/11098383-p28.jpg,https://invisibleaus.s3.amazonaws.com/ST84-1/1906-331-340-%5B11098383%5D/thumbs/11098383-p28-200.jpg,28,880,1376,11098383
28,https://invisibleaus.s3.amazonaws.com/ST84-1/1906-331-340-%5B11098383%5D/11098383-p29.jpg,https://invisibleaus.s3.amazonaws.com/ST84-1/1906-331-340-%5B11098383%5D/thumbs/11098383-p29-200.jpg,29,1120,1576,11098383
29,https://invisibleaus.s3.amazonaws.com/ST84-1/1906-331-340-%5B11098383%5D/11098383-p30.jpg,https://invisibleaus.s3.amazonaws.com/ST84-1/1906-331-340-%5B11098383%5D/thumbs/11098383-p30-200.jpg,30,864,1376,11098383
30,https://invisibleaus.s3.amazonaws.com/ST84-1/1906-331-340-%5B11098383%5D/11098383-p31.jpg,https://invisibleaus.s3.amazonaws.com/ST84-1/1906-331-340-%5B11098383%5D/thumbs/11098383-p31-200.jpg,31,1120,1576,11098383
31,https://invisibleaus.s3.amazonaws.com/ST84-1/1906-331-340-%5B11098383%5D/11098383-p32.jpg,https://invisibleaus.s3.amazonaws.com/ST84-1/1906-331-340-%5B11098383%5D/thumbs/11098383-p32-200.jpg,32,864,1376,11098383
32,https://invisibleaus.s3.amazonaws.com/ST84-1/1906-331-340-%5B11098383%5D/11098383-p33.jpg,https://invisibleaus.s3.amazonaws.com/ST84-1/1906-331-340-%5B11098383%5D/thumbs/11098383-p33-200.jpg,33,1120,1576,11098383
33,https://invisibleaus.s3.amazonaws.com/ST84-1/1906-331-340-%5B11098383%5D/11098383-p34.jpg,https://invisibleaus.s3.amazonaws.com/ST84-1/1906-331-340-%5B11098383%5D/thumbs/11098383-p34-200.jpg,34,880,1376,11098383
34,https://invisibleaus.s3.amazonaws.com/ST84-1/1906-331-340-%5B11098383%5D/11098383-p35.jpg,https://invisibleaus.s3.amazonaws.com/ST84-1/1906-331-340-%5B11098383%5D/thumbs/11098383-p35-200.jpg,35,1120,1576,11098383
